Postcode,Total
800,6470
810,33301
812,18881
820,19447
822,25552
828,1210
829,1838
830,18200
832,15568
835,5135
836,7759
837,414
838,812
840,359
841,639
845,508
846,356
847,314
850,8155
852,8307
853,848
854,872
860,2999
862,765
870,19640
880,5208
885,868
886,1082
2000,27417
2006,1255
2007,8846
2008,11718
2009,12802
2010,27727
2011,21178
2015,9937
2016,13216
2017,24693
2018,17031
2019,10819
2020,14751
2021,15309
2022,12496
2023,10719
2024,11068
2025,7404
2026,32486
2027,8193
2028,4640
2029,9948
2030,14080
2031,34740
2032,16700
2033,11567
2034,20715
2035,34479
2036,30405
2037,16110
2038,9452
2039,8717
2040,22239
2041,15682
2042,19124
2043,8029
2044,7831
2045,6458
2046,26819
2047,11943
2048,7947
2049,11288
2050,8981
2052,3428
2060,13974
2061,5954
2062,7003
2063,6352
2064,9530
2065,30117
2066,31622
2067,26390
2068,16812
2069,14253
2070,13500
2071,13541
2072,7664
2073,16349
2074,22243
2075,20455
2076,24650
2077,37796
2079,7085
2080,1695
2081,5375
2082,5395
2083,1512
2084,3612
2085,11627
2086,13397
2087,12801
2088,28469
2089,11909
2090,13717
2092,7144
2093,22873
2094,5833
2095,15856
2096,14650
2097,15519
2099,39925
2100,20903
2101,19412
2102,7493
2103,10669
2104,3621
2105,1849
2106,9316
2107,14684
2108,1671
2110,10364
2111,14417
2112,32854
2113,18362
2114,24062
2115,10762
2116,6638
2117,21307
2118,24354
2119,11654
2120,20214
2121,28210
2122,31174
2125,16373
2126,18770
2127,14540
2128,4161
2130,7296
2131,23847
2132,10601
2133,11026
2134,16027
2135,25240
2136,7382
2137,26504
2138,20020
2140,16147
2141,28680
2142,26284
2143,8936
2144,37379
2145,79232
2146,17469
2147,36353
2148,63062
2150,31492
2151,21319
2152,11208
2153,56564
2154,39582
2155,55448
2156,12930
2157,3736
2158,8589
2159,4978
2160,35965
2161,31433
2162,18633
2163,9591
2164,19630
2165,42438
2166,52758
2167,9638
2168,43451
2170,105462
2171,34863
2172,2779
2173,14430
2174,2264
2175,1857
2176,47796
2177,15985
2178,4230
2179,6525
2190,25554
2191,6330
2192,12715
2193,15267
2194,24538
2195,27148
2196,31803
2197,9060
2198,9042
2199,18008
2200,43697
2203,13697
2204,26501
2205,19444
2206,19418
2207,28527
2208,12443
2209,15766
2210,30599
2211,16845
2212,15839
2213,21786
2214,3958
2216,28049
2217,26843
2218,16430
2219,13191
2220,32493
2221,16491
2222,12782
2223,20909
2224,14211
2225,5401
2226,12505
2227,14628
2228,18358
2229,28723
2230,28833
2231,2260
2232,32867
2233,29497
2234,30585
2250,67198
2251,32699
2256,15594
2257,29017
2258,5161
2259,59514
2260,23411
2261,52768
2262,20832
2263,24270
2264,14236
2265,5809
2267,2768
2278,2571
2280,26685
2281,14277
2282,14770
2283,23290
2284,10497
2285,30720
2286,3884
2287,36387
2289,19114
2290,33415
2291,13417
2292,2455
2293,2504
2294,1935
2295,6929
2296,1891
2297,1681
2298,9500
2299,11208
2300,10586
2302,559
2303,9142
2304,15160
2305,12494
2306,3373
2307,3901
2308,1332
2311,884
2312,1475
2315,14655
2316,5847
2317,6239
2318,12155
2319,6668
2320,34557
2321,14624
2322,18466
2323,25718
2324,23641
2325,28459
2326,7328
2327,7617
2328,2438
2329,2115
2330,20352
2333,13636
2334,2840
2335,6177
2336,2621
2337,7892
2338,1433
2339,683
2340,49063
2341,1579
2342,462
2343,4959
2344,771
2345,720
2346,3151
2347,1921
2350,25324
2351,972
2352,2708
2353,1116
2354,3568
2355,654
2357,4175
2358,3768
2359,734
2360,14523
2361,912
2365,3734
2369,933
2370,7692
2371,1153
2372,4751
2380,10374
2381,1202
2382,1328
2386,345
2388,2678
2390,8755
2395,675
2396,858
2397,381
2399,602
2400,10075
2401,321
2402,1802
2403,706
2404,1841
2405,517
2408,374
2409,1038
2410,273
2415,395
2420,4029
2421,1830
2422,5333
2423,2960
2424,429
2425,1787
2426,723
2427,3106
2428,24014
2429,9716
2430,34025
2431,5139
2439,2947
2440,21805
2441,4344
2443,8889
2444,46309
2445,6473
2446,13334
2447,7193
2448,8991
2449,2188
2450,43911
2452,15121
2453,2777
2454,7588
2455,3010
2456,14750
2460,29212
2462,2435
2463,7543
2464,6724
2465,286
2466,1743
2469,4015
2470,15217
2471,2516
2472,1871
2473,3088
2474,6347
2475,378
2476,781
2477,12210
2478,28309
2479,4746
2480,44594
2481,11762
2482,6274
2483,10615
2484,18883
2485,14372
2486,31600
2487,13412
2488,3260
2489,7359
2490,663
2500,40519
2502,12439
2505,5013
2506,7599
2508,8972
2515,11131
2516,6116
2517,13743
2518,19054
2519,16933
2525,11561
2526,15630
2527,21401
2528,23757
2529,26018
2530,32002
2533,15640
2534,5723
2535,7336
2536,17708
2537,11804
2538,2401
2539,17995
2541,25628
2545,1063
2546,9128
2548,7727
2549,3789
2550,15865
2551,3498
2555,225
2556,2502
2557,8955
2558,11106
2559,3052
2560,76509
2563,304
2564,13929
2565,19986
2566,26311
2567,38494
2568,1130
2569,1358
2570,40092
2571,11848
2572,4485
2573,5058
2574,5748
2575,15479
2576,13428
2577,15423
2578,2701
2579,4022
2580,29205
2581,2085
2582,12454
2583,4390
2584,538
2585,215
2586,2617
2587,2905
2588,277
2590,7099
2594,11674
2600,7231
2601,6369
2602,30449
2603,9366
2604,10388
2605,11720
2606,9430
2607,13620
2609,901
2612,16187
2614,19387
2615,44177
2617,32513
2619,9517
2621,6052
2622,3928
2623,597
2625,374
2626,503
2627,4610
2628,1898
2629,540
2630,8691
2631,568
2632,1843
2633,383
2640,36341
2641,15070
2642,4788
2643,2763
2644,2416
2645,403
2646,6763
2647,2156
2648,2377
2650,56983
2651,2268
2652,4587
2653,2531
2655,1328
2656,1261
2658,1451
2659,887
2660,1611
2661,631
2663,5178
2665,2228
2666,5683
2668,460
2669,1652
2671,4102
2672,1573
2675,1588
2680,23932
2681,1716
2700,4918
2701,2388
2702,774
2703,986
2705,10157
2706,1158
2707,1361
2710,10117
2711,3357
2712,1377
2713,2806
2714,2779
2715,1467
2716,1110
2717,1350
2720,8001
2721,240
2722,3201
2725,362
2726,217
2727,352
2729,1705
2730,1374
2731,6406
2732,1768
2733,565
2735,449
2736,382
2737,842
2738,1664
2739,1412
2745,29516
2747,42431
2748,1874
2749,16925
2750,44803
2752,4915
2753,17138
2754,5702
2756,33928
2757,859
2758,8706
2759,26324
2760,33829
2761,30970
2762,4984
2763,30866
2765,16130
2766,15547
2767,22516
2768,28739
2769,11737
2770,61297
2773,6003
2774,12944
2775,1494
2776,4022
2777,17609
2778,2444
2779,4988
2780,13220
2782,6067
2783,2628
2784,1217
2785,4545
2786,1285
2787,4449
2790,15752
2791,349
2792,402
2793,963
2794,10435
2795,42554
2797,427
2798,2102
2799,4126
2800,44996
2803,291
2804,2676
2805,392
2806,776
2807,417
2808,177
2809,241
2810,3146
2820,7326
2821,4822
2823,1409
2824,2168
2825,2388
2827,3684
2828,828
2829,3097
2830,40303
2831,1905
2832,2560
2833,649
2834,2343
2835,4178
2836,911
2839,1337
2840,2700
2842,640
2843,1286
2844,1429
2845,1998
2846,276
2847,2416
2848,1638
2849,1531
2850,17648
2852,3537
2864,814
2865,865
2866,3084
2867,589
2868,656
2869,1434
2870,12028
2871,9370
2873,569
2874,424
2875,967
2876,410
2877,3895
2878,366
2879,627
2880,18272
2898,391
2900,1922
2902,14909
2903,9215
2904,12853
2905,28609
2906,17641
2911,4457
2912,6146
2913,35046
2914,25203
3000,37991
3002,4971
3003,5529
3004,9311
3006,18817
3008,10444
3010,1599
3011,21468
3012,26304
3013,14978
3015,17473
3016,15547
3018,12688
3019,9210
3020,44799
3021,54189
3022,3106
3023,63962
3024,23849
3025,12162
3026,59
3027,6654
3028,29212
3029,93936
3030,100309
3031,18519
3032,29440
3033,14515
3034,11623
3036,5941
3037,51151
3038,27270
3039,14256
3040,25937
3041,12409
3042,15783
3043,17700
3044,27118
3046,34047
3047,20916
3048,18027
3049,9267
3051,14940
3052,5687
3053,18549
3054,8434
3055,14169
3056,24489
3057,11507
3058,33790
3059,15480
3060,14043
3061,5046
3062,0
3063,564
3064,75449
3065,10444
3066,8516
3067,8196
3068,18671
3070,24584
3071,18573
3072,32859
3073,50467
3074,20525
3075,22595
3076,32391
3078,11634
3079,15989
3081,13437
3082,29712
3083,31538
3084,25505
3085,13872
3087,9041
3088,26898
3089,11727
3090,2356
3091,1613
3093,3895
3094,8968
3095,27750
3096,1957
3097,1436
3099,4879
3101,24603
3102,6642
3103,15355
3104,20413
3105,10861
3106,16631
3107,13568
3108,20828
3109,28371
3111,12343
3113,8466
3114,3844
3115,3806
3116,9859
3121,30485
3122,23509
3123,14337
3124,22089
3125,15019
3126,8044
3127,18442
3128,19830
3129,17373
3130,32172
3131,22512
3132,16140
3133,22113
3134,32784
3135,19953
3136,44361
3137,13863
3138,21965
3139,13711
3140,16517
3141,25145
3142,12903
3143,9057
3144,10889
3145,23293
3146,25265
3147,14632
3148,8639
3149,33620
3150,60085
3151,10268
3152,33071
3153,20554
3154,4415
3155,22183
3156,37449
3158,6652
3159,2639
3160,9019
3161,15269
3162,17433
3163,32336
3165,27634
3166,23760
3167,9240
3168,20195
3169,20126
3170,19376
3171,21714
3172,23095
3173,25797
3174,38470
3175,53289
3177,11301
3178,33658
3179,6037
3180,7474
3181,20265
3182,23387
3183,18486
3184,15545
3185,12952
3186,23246
3187,16003
3188,18080
3189,5876
3190,10448
3191,10239
3192,22287
3193,19516
3194,12961
3195,35867
3196,25337
3197,11531
3198,16447
3199,54301
3200,5771
3201,20705
3202,2898
3204,30640
3205,10908
3206,10352
3207,16186
3211,1329
3212,16648
3214,23955
3215,20626
3216,56288
3217,6599
3218,13429
3219,19730
3220,16354
3221,750
3222,14943
3223,7397
3224,14190
3225,4053
3226,14182
3227,4810
3228,17943
3230,2543
3231,1271
3232,1105
3233,2028
3235,391
3236,230
3237,210
3238,220
3239,427
3240,2023
3241,2574
3242,821
3243,343
3249,3207
3250,12238
3251,514
3254,306
3260,4770
3264,2286
3265,2616
3266,3085
3267,249
3268,2602
3269,729
3270,240
3272,1540
3273,134
3274,237
3275,430
3276,497
3277,1918
3278,300
3280,31594
3281,1709
3282,2363
3283,1348
3284,3440
3285,1208
3286,568
3287,443
3289,744
3292,178
3293,314
3294,978
3300,10075
3301,1225
3302,378
3303,319
3304,2735
3305,12818
3309,120
3310,261
3311,1705
3312,1041
3314,523
3315,1628
3317,211
3318,1272
3319,350
3321,1528
3324,535
3325,478
3328,1701
3329,279
3330,228
3331,6009
3332,1013
3333,819
3334,558
3335,5843
3337,36451
3338,23407
3340,21122
3341,1664
3342,3439
3345,1144
3350,59139
3351,8154
3352,16009
3355,13023
3356,16318
3357,3716
3360,760
3361,680
3363,3481
3364,2143
3370,1781
3371,992
3373,2289
3374,405
3375,210
3377,9400
3378,153
3379,793
3380,6022
3381,1213
3384,545
3385,513
3387,316
3388,573
3390,904
3391,191
3392,571
3393,2688
3395,375
3396,742
3400,14534
3401,4419
3407,435
3409,941
3412,305
3413,218
3414,1843
3418,2781
3419,793
3420,274
3423,489
3424,781
3427,2759
3428,674
3429,36296
3430,325
3431,3935
3433,222
3434,5051
3435,2876
3437,10440
3438,2376
3440,2056
3441,1337
3442,7457
3444,9200
3446,1044
3447,458
3448,875
3450,6856
3451,5661
3453,1725
3458,1947
3460,2574
3461,4141
3462,1182
3463,2452
3464,1111
3465,9775
3467,1203
3468,279
3469,277
3472,1489
3475,353
3477,831
3478,2442
3480,1867
3482,179
3483,893
3485,305
3490,1292
3491,142
3494,669
3496,6228
3498,5336
3500,32740
3501,1950
3505,4830
3507,156
3509,227
3512,367
3515,1936
3516,693
3517,1418
3518,1318
3521,656
3522,342
3523,3632
3525,1300
3527,788
3530,119
3531,185
3533,767
3537,1042
3540,294
3542,133
3544,237
3546,393
3549,3521
3550,40349
3551,29575
3555,19691
3556,13094
3557,774
3558,905
3559,532
3561,4421
3562,272
3563,797
3564,15936
3566,550
3567,637
3568,2947
3570,745
3571,312
3572,149
3573,333
3575,791
3579,5356
3580,984
3581,170
3584,1139
3586,801
3588,337
3589,340
3590,331
3591,153
3594,531
3595,659
3596,86
3597,400
3608,2416
3610,1690
3612,1700
3614,878
3616,5366
3617,161
3618,674
3620,8239
3621,2379
3622,459
3623,889
3624,548
3629,9116
3630,31279
3631,11621
3633,614
3634,1802
3635,525
3636,5238
3637,588
3638,2067
3639,511
3640,998
3641,1229
3646,579
3649,426
3658,6223
3659,729
3660,7582
3662,1074
3663,182
3664,1074
3666,4722
3669,1337
3670,567
3672,10323
3673,1723
3675,1816
3677,18092
3678,6356
3682,604
3683,1771
3685,2729
3687,1093
3688,1231
3690,33510
3694,77
3695,476
3697,562
3698,865
3699,1131
3700,1304
3701,1058
3705,250
3709,304
3711,497
3712,364
3713,1036
3714,3511
3715,297
3717,2651
3719,351
3720,564
3722,5015
3723,2994
3725,636
3726,403
3727,299
3728,635
3730,8833
3732,586
3733,215
3735,623
3737,4300
3739,222
3740,1092
3741,3098
3744,458
3746,392
3747,4629
3749,1882
3750,9048
3751,267
3752,24064
3753,2321
3754,37759
3755,241
3756,11923
3757,8950
3758,2181
3759,1068
3760,360
3761,1237
3763,1549
3764,9177
3765,6765
3766,1221
3767,1248
3770,3225
3775,3868
3777,10756
3778,195
3779,383
3781,4475
3782,7824
3783,2364
3786,1514
3787,1045
3788,1750
3789,269
3791,1440
3792,1064
3793,3590
3795,1240
3796,9695
3797,3468
3799,5804
3800,2203
3802,24293
3803,10840
3804,8100
3805,56940
3806,48516
3807,7100
3808,3024
3809,7225
3810,47889
3812,2314
3813,889
3814,2267
3815,3032
3816,2712
3818,14173
3820,15963
3821,2914
3822,980
3823,1830
3824,5024
3825,20287
3831,1706
3832,243
3833,318
3835,474
3840,16474
3842,4763
3844,28988
3847,2199
3850,14795
3851,5694
3854,1400
3856,997
3857,373
3858,3018
3859,821
3860,7167
3862,3142
3864,201
3865,439
3869,1612
3870,1272
3871,2906
3873,317
3874,560
3875,18634
3878,1096
3880,4032
3882,1092
3885,1880
3886,392
3887,358
3888,3431
3889,175
3890,326
3891,89
3892,1088
3895,189
3896,397
3898,800
3900,160
3902,391
3903,733
3904,1447
3909,7894
3910,22598
3911,3417
3912,15159
3913,3334
3915,9962
3916,942
3918,3725
3919,3170
3920,1035
3921,120
3922,7730
3923,525
3925,3370
3926,3247
3927,1674
3928,396
3929,882
3930,17885
3931,24003
3933,1111
3934,18568
3936,11018
3937,1525
3938,2827
3939,14530
3940,4935
3941,12167
3942,2325
3943,1597
3944,503
3945,980
3950,4805
3951,1000
3953,7846
3954,406
3956,2825
3957,281
3958,258
3959,1156
3960,2466
3962,912
3965,202
3966,503
3971,3998
3975,15254
3976,25520
3977,93318
3978,10651
3979,323
3980,3344
3981,4912
3984,5218
3987,1515
3988,1006
3991,368
3992,956
3995,10166
3996,5562
4000,16567
4005,17888
4006,14534
4007,12772
4008,366
4009,0
4010,2289
4011,15192
4012,21826
4013,4575
4014,11920
4017,36874
4018,12153
4019,20121
4020,22048
4021,9773
4022,7169
4025,356
4030,16517
4031,13585
4032,15786
4034,44474
4035,24221
4036,6482
4037,7977
4051,27532
4053,43978
4054,13607
4055,20553
4059,13482
4060,13055
4061,16677
4064,10841
4065,9484
4066,16694
4067,10423
4068,23614
4069,33636
4070,11610
4073,9124
4074,23737
4075,23352
4076,8105
4077,30750
4078,25797
4101,22851
4102,7669
4103,14329
4104,6542
4105,13340
4106,1573
4107,6273
4108,6020
4109,37597
4110,10909
4111,1174
4112,8124
4113,29923
4114,29077
4115,19294
4116,25915
4117,1372
4118,30401
4119,6341
4120,8937
4121,25273
4122,43865
4123,18492
4124,19674
4125,7142
4127,26383
4128,16519
4129,6303
4130,8536
4131,10443
4132,26225
4133,17767
4151,16287
4152,44689
4153,4380
4154,10968
4155,1436
4156,3148
4157,19062
4158,3765
4159,14496
4160,18131
4161,16255
4163,14803
4164,14709
4165,36825
4169,13981
4170,24506
4171,15714
4172,4305
4173,8293
4174,2370
4178,25218
4179,19298
4183,2100
4184,6893
4205,5388
4207,55209
4208,19976
4209,50071
4210,19467
4211,60810
4212,28061
4213,29041
4214,37239
4215,50164
4216,37442
4217,40834
4218,31878
4220,31234
4221,26799
4223,13903
4224,6593
4225,7756
4226,32254
4227,21676
4228,5296
4230,1667
4270,3942
4271,2895
4272,4629
4275,3436
4280,16863
4285,20243
4287,834
4300,55676
4301,28237
4303,3943
4304,17315
4305,62554
4306,35800
4307,1551
4309,2995
4310,5759
4311,10603
4312,2667
4313,2325
4340,5457
4341,14597
4342,2634
4343,11356
4344,2628
4346,862
4347,1187
4350,106745
4352,28456
4353,282
4354,1197
4355,2690
4356,5179
4357,2576
4358,2264
4359,1262
4360,606
4361,2662
4362,2478
4363,598
4364,224
4365,517
4370,18523
4371,710
4372,171
4373,1033
4374,355
4376,316
4378,525
4381,603
4382,508
4387,1270
4388,420
4390,6880
4400,1890
4401,5719
4402,285
4403,817
4404,528
4405,14475
4406,1459
4407,529
4408,627
4410,1115
4411,282
4412,194
4413,8019
4415,1991
4416,500
4417,668
4419,938
4420,1162
4421,2483
4422,481
4424,228
4425,205
4427,364
4428,670
4454,714
4455,8485
4462,120
4465,1242
4468,258
4470,3579
4472,1421
4477,479
4478,478
4480,749
4481,115
4486,695
4487,3098
4488,263
4490,1419
4492,295
4494,164
4496,255
4497,331
4498,217
4500,42394
4501,5654
4502,8678
4503,43647
4504,18575
4505,20458
4506,21798
4507,18142
4508,19849
4509,30105
4510,48294
4511,9098
4512,3434
4514,7409
4515,4077
4516,3958
4517,764
4518,5063
4519,8435
4520,13193
4521,4707
4550,4259
4551,56737
4552,8418
4553,5880
4554,1950
4555,6929
4556,43319
4557,18980
4558,19163
4559,6339
4560,31717
4561,7223
4562,8051
4563,8486
4564,10600
4565,14511
4566,8129
4567,11036
4568,3550
4569,1601
4570,42421
4571,808
4572,3976
4573,26274
4574,1305
4575,23763
4580,4872
4581,1520
4600,902
4601,1176
4605,4843
4606,2443
4608,907
4610,14842
4611,111
4612,257
4613,860
4614,1183
4615,7041
4620,376
4621,1787
4625,2780
4626,2197
4627,879
4630,2395
4650,33894
4655,59530
4659,4795
4660,7140
4662,811
4670,79597
4671,6056
4673,650
4674,1453
4676,168
4677,3550
4678,862
4680,54163
4694,188
4695,1126
4699,452
4700,17433
4701,42762
4702,28608
4703,22538
4705,357
4707,245
4709,1128
4710,4848
4711,1838
4712,273
4713,965
4714,2931
4715,7130
4716,882
4717,4737
4718,2377
4719,997
4720,14392
4721,3716
4722,1823
4723,1422
4724,569
4725,1544
4726,404
4727,245
4728,193
4730,3248
4731,212
4735,958
4737,8131
4738,1179
4739,314
4740,80095
4741,7060
4742,1129
4743,617
4744,8733
4745,2999
4746,1933
4750,5747
4751,4514
4753,4276
4754,2253
4756,619
4757,349
4798,680
4799,1062
4800,9325
4801,257
4802,9807
4803,1867
4804,1724
4805,10833
4806,3871
4807,11036
4808,1115
4809,1004
4810,21834
4811,13136
4812,18805
4814,46129
4815,21039
4816,9247
4817,30405
4818,28221
4819,2335
4820,10850
4821,1322
4822,782
4823,936
4824,2765
4828,199
4829,465
4830,1712
4849,1363
4850,10923
4852,3689
4854,5486
4855,782
4856,695
4858,1488
4859,469
4860,11303
4861,1449
4865,8121
4868,22047
4869,19011
4870,71008
4871,10979
4872,3911
4873,6452
4874,5234
4875,8097
4876,2821
4877,5138
4878,13472
4879,19447
4880,13287
4881,4498
4882,2724
4883,8425
4884,1865
4885,3809
4886,831
4887,2044
4888,3081
4890,1264
4891,529
4895,4444
5000,15105
5006,6948
5007,7082
5008,13680
5009,5010
5010,5830
5011,11704
5012,11164
5013,9974
5014,11764
5015,5684
5016,8861
5017,5005
5018,5583
5019,9130
5020,3116
5021,5804
5022,15742
5023,16567
5024,13858
5025,8249
5031,9929
5032,12700
5033,8380
5034,10033
5035,6120
5037,10778
5038,15251
5039,8852
5040,2498
5041,13390
5042,10835
5043,18782
5044,10885
5045,15584
5046,9086
5047,8253
5048,14207
5049,9765
5050,5596
5051,14064
5052,6353
5061,9693
5062,14919
5063,12293
5064,9864
5065,10188
5066,11712
5067,10141
5068,12186
5069,8283
5070,14271
5072,12646
5073,15229
5074,12963
5075,10628
5076,9178
5081,9253
5082,14945
5083,7495
5084,10071
5085,19957
5086,16151
5087,11377
5088,3282
5089,6590
5090,7886
5091,7498
5092,17579
5093,9026
5094,890
5095,20519
5096,13395
5097,13559
5098,12328
5106,211
5107,17090
5108,40615
5109,20870
5110,8958
5111,277
5112,19429
5113,18884
5114,33959
5115,10380
5116,9446
5117,2942
5118,18401
5120,1973
5121,1670
5125,19224
5126,7188
5127,7772
5131,973
5132,434
5133,370
5134,448
5136,526
5137,588
5138,290
5139,227
5140,419
5141,687
5142,572
5144,414
5151,362
5152,6130
5153,6429
5154,3356
5155,3824
5156,959
5157,2893
5158,24736
5159,32947
5160,27
5161,10144
5162,34284
5163,14103
5164,5284
5165,5379
5166,1880
5167,5710
5168,5474
5169,17095
5170,1168
5171,5918
5172,3938
5173,12762
5174,2903
5201,1942
5202,876
5203,1273
5204,2826
5210,1720
5211,15274
5212,2083
5213,1158
5214,8380
5220,142
5221,294
5222,625
5223,3636
5231,1234
5232,406
5233,1458
5234,1305
5235,2455
5236,298
5237,354
5238,4084
5240,473
5241,2537
5242,1624
5243,845
5244,4254
5245,3092
5250,3521
5251,14620
5252,6506
5253,18499
5254,2380
5255,9254
5256,1349
5259,1116
5260,1761
5261,362
5262,417
5263,126
5264,1263
5265,419
5266,612
5267,1968
5268,3543
5269,249
5270,584
5271,7429
5272,788
5275,2420
5276,1191
5277,2900
5278,527
5279,521
5280,7365
5290,25513
5291,9162
5301,570
5302,858
5303,203
5304,768
5307,572
5311,433
5320,653
5321,546
5322,1003
5330,3375
5331,316
5332,387
5333,5804
5340,1432
5341,7652
5342,1130
5343,4841
5344,984
5345,3585
5346,384
5350,477
5351,5874
5352,5224
5353,3785
5354,367
5355,7592
5356,804
5357,429
5360,1124
5371,1262
5372,2210
5373,3438
5374,1482
5381,379
5400,867
5401,839
5410,320
5411,322
5412,1219
5413,827
5414,145
5415,223
5416,236
5417,1492
5419,214
5422,1702
5431,885
5433,1262
5434,468
5440,263
5451,705
5452,432
5453,4946
5454,394
5460,747
5461,2549
5462,509
5464,625
5470,125
5472,163
5473,749
5480,766
5481,574
5482,523
5483,342
5485,578
5490,185
5491,1830
5495,596
5501,7321
5502,1543
5510,107
5520,590
5521,144
5522,1424
5523,1939
5540,15333
5550,924
5552,391
5554,5235
5555,513
5556,4030
5558,4825
5560,483
5570,542
5571,1854
5572,148
5573,2051
5575,2342
5576,1076
5577,535
5580,358
5581,552
5582,629
5583,778
5600,6191
5602,1331
5603,454
5604,201
5605,1689
5606,14116
5607,4920
5608,13356
5609,1949
5630,131
5631,1045
5633,301
5640,1009
5641,1022
5642,268
5650,183
5652,734
5654,229
5670,489
5680,2115
5690,3658
5700,11124
5710,2680
5720,193
5722,312
5723,2048
5724,420
5725,3876
5731,504
5732,209
5734,182
6000,11414
6003,3514
6004,10583
6005,5636
6006,8750
6007,7124
6008,15132
6009,18537
6010,16823
6011,9012
6012,8754
6014,20609
6015,6606
6016,10040
6017,4117
6018,38013
6019,21797
6020,20779
6021,20056
6022,4979
6023,15275
6024,13343
6025,30025
6026,22359
6027,41677
6028,22433
6029,2788
6030,39393
6031,16628
6032,181
6033,449
6035,8869
6036,15784
6037,2989
6041,1518
6042,73
6043,249
6044,1214
6050,15371
6051,12585
6052,11123
6053,14441
6054,20378
6055,21018
6056,39177
6057,16799
6058,12676
6059,23514
6060,23403
6061,38561
6062,32652
6063,14361
6064,31306
6065,61995
6066,18718
6067,46
6068,6
6069,39400
6070,3656
6071,3405
6072,896
6073,3057
6074,1001
6076,21948
6077,1436
6078,942
6081,4739
6082,3229
6083,3513
6084,8233
6090,6
6100,14489
6101,16550
6102,13676
6103,10364
6104,14323
6105,14983
6106,14
6107,43617
6108,23156
6109,12119
6110,40861
6111,23060
6112,56551
6121,2965
6122,17422
6123,1547
6124,1190
6125,3118
6126,623
6147,15128
6148,17819
6149,18475
6150,13146
6151,16574
6152,25450
6153,19872
6154,10018
6155,51261
6156,16894
6157,13538
6158,7358
6159,3338
6160,8207
6161,339
6162,11017
6163,50357
6164,57205
6165,69
6166,9512
6167,26451
6168,24023
6169,34670
6170,12406
6171,31658
6172,13795
6173,12064
6174,3785
6175,3739
6176,1363
6180,5423
6181,481
6207,1066
6208,11852
6209,1960
6210,68295
6211,7090
6213,709
6214,614
6215,4160
6218,392
6220,4664
6221,433
6224,1141
6225,9108
6226,858
6227,805
6229,188
6230,43145
6232,10886
6233,18851
6236,2047
6237,2482
6239,4404
6240,114
6244,1463
6251,399
6253,611
6254,497
6255,3904
6256,376
6258,6573
6260,1433
6262,731
6271,3317
6275,1340
6280,28159
6281,7210
6282,1329
6284,2256
6285,9180
6286,590
6288,568
6290,1671
6302,3618
6304,1717
6306,1022
6308,1584
6309,282
6311,593
6312,4882
6313,290
6315,1988
6316,322
6317,4172
6318,512
6320,609
6321,483
6322,228
6323,981
6324,3510
6326,483
6327,278
6328,415
6330,35850
6333,5846
6335,774
6336,323
6337,559
6338,670
6341,292
6343,272
6346,741
6348,885
6350,308
6352,190
6353,782
6355,439
6358,88
6359,442
6365,517
6367,344
6369,655
6370,461
6375,1010
6383,971
6386,90
6390,1813
6391,999
6392,474
6393,106
6394,452
6395,1657
6396,373
6398,560
6401,8168
6403,181
6405,325
6407,1127
6409,425
6410,1033
6415,3008
6418,694
6421,150
6423,213
6425,83
6426,836
6429,992
6430,22748
6431,1012
6432,7099
6436,104
6437,596
6438,837
6440,1156
6442,2540
6443,860
6445,203
6447,183
6448,445
6450,13395
6460,772
6461,534
6468,261
6472,186
6475,398
6477,251
6479,537
6485,494
6488,198
6490,254
6501,956
6502,1178
6503,2185
6505,125
6507,529
6509,210
6510,1984
6511,531
6513,215
6514,654
6515,281
6516,1779
6517,405
6518,216
6519,600
6521,348
6522,470
6525,3572
6528,406
6530,32444
6532,6708
6535,1589
6536,1565
6537,895
6556,2039
6558,2645
6560,1328
6562,1255
6564,322
6566,3283
6567,399
6568,217
6569,264
6575,130
6603,1107
6606,160
6608,135
6609,827
6612,217
6620,488
6623,676
6630,626
6635,338
6638,475
6640,197
6642,1071
6646,742
6701,5544
6707,2712
6710,4007
6713,1103
6714,16812
6716,747
6718,998
6720,2519
6721,4510
6722,9852
6725,10797
6726,5437
6728,5947
6740,1284
6743,6226
6751,4932
6753,7244
6754,1381
6758,1697
6760,630
6765,1765
6770,2904
7000,13838
7004,7472
7005,13312
7007,3061
7008,11982
7009,12457
7010,16852
7011,14688
7012,838
7015,10331
7016,2877
7017,5608
7018,21022
7019,6119
7020,2466
7021,2401
7022,881
7023,333
7024,537
7025,1697
7026,948
7027,289
7030,17419
7050,12394
7052,7131
7053,3575
7054,8742
7055,423
7109,8807
7112,3072
7113,1103
7116,2256
7117,865
7120,1826
7140,10958
7150,2839
7155,791
7162,592
7163,325
7170,5019
7171,3283
7172,3656
7173,6603
7176,168
7177,409
7178,311
7179,390
7180,159
7182,258
7184,786
7186,191
7190,3115
7209,411
7210,1040
7211,244
7212,1927
7213,280
7214,606
7215,3387
7216,3361
7248,15795
7249,12771
7250,48055
7252,2790
7253,4922
7254,491
7255,831
7256,1586
7258,963
7259,447
7260,3213
7261,268
7262,1703
7263,595
7264,633
7265,238
7267,748
7268,1039
7270,4076
7275,3140
7276,570
7277,5715
7290,2279
7291,566
7292,609
7300,3422
7301,4308
7302,1675
7303,2718
7304,5931
7305,1172
7306,3948
7307,10131
7310,27085
7315,14662
7316,5866
7320,16249
7321,4662
7322,3906
7325,8585
7330,6589
7331,553
7467,1779
7468,700
7469,755
7470,699